2026-02-19 10:32:21.861039,Negative
2026-02-19 10:32:51.855507,Negative
2026-02-19 10:33:39.771574,Negative
2026-02-19 10:33:42.796486,Positive
2026-02-19 10:33:45.819174,Positive
2026-02-19 10:33:48.838758,Neutral
2026-02-19 10:33:51.914332,Negative
2026-02-19 10:33:54.933248,Positive
2026-02-19 10:52:55.252000,Neutral
2026-02-19 10:52:58.264079,Positive
2026-02-19 10:53:01.275579,Neutral
2026-02-19 10:53:04.295480,Neutral
2026-02-19 10:53:07.302971,Neutral
2026-02-19 10:53:10.593581,Negative
2026-02-19 10:53:13.601810,Positive
2026-02-19 10:53:16.625450,Neutral
2026-02-19 10:53:19.636489,Neutral
2026-02-19 10:53:22.660487,Neutral
2026-02-19 10:53:25.666859,Positive
2026-02-19 10:53:30.897537,Neutral
2026-02-19 10:53:33.909782,Positive
2026-02-19 10:53:36.928943,Neutral
2026-02-19 10:53:40.306783,Positive
2026-02-19 10:53:43.345669,Neutral
2026-02-19 10:53:47.236521,Neutral
2026-02-19 10:53:50.274145,Neutral
2026-02-19 10:53:53.603302,Neutral
2026-02-19 10:53:56.635456,Positive
2026-02-19 10:53:59.669872,Neutral
2026-02-19 10:54:02.909110,Neutral
2026-02-19 10:54:10.563512,Positive
2026-02-19 10:54:13.958854,Neutral
2026-02-19 10:54:17.517503,Neutral
2026-02-19 10:54:20.529102,Neutral
2026-02-19 10:54:23.529173,Neutral
2026-02-19 10:54:26.577389,Neutral
2026-02-19 10:54:29.598755,Neutral
2026-02-19 10:54:32.615293,Neutral
2026-02-19 10:54:35.644635,Positive
2026-02-19 10:54:38.683882,Positive
2026-02-19 10:54:41.689962,Neutral
2026-02-19 10:54:44.750300,Negative
2026-02-19 10:54:47.777182,Neutral
2026-02-19 10:54:50.815000,Positive
2026-02-19 10:54:53.826537,Neutral
2026-02-20 02:28:51.798335,Negative
2026-02-20T02:33:00.421859,anger
2026-02-20T02:33:02.426393,neutral
2026-02-20T02:33:04.430557,happy
2026-02-20T02:33:06.460400,happy
2026-02-20T02:33:08.477295,anger
2026-02-20T02:33:10.511515,happy
2026-02-20T02:33:12.542177,happy
2026-02-20T02:33:14.572485,anger
2026-02-20T02:33:16.573399,neutral
2026-02-20T02:33:18.605291,neutral
2026-02-20T02:33:21.803944,neutral
2026-02-20T02:33:24.077189,neutral
2026-02-20T02:33:27.466389,fear
2026-02-20T02:33:29.503885,neutral
2026-02-20T02:33:31.643050,neutral
2026-02-20T02:33:33.677053,neutral
2026-02-20T02:33:35.736292,neutral
2026-02-20T02:33:37.741355,neutral
2026-02-20T02:33:39.772577,neutral
2026-02-20T02:33:42.607962,neutral
2026-02-20T02:33:44.620398,neutral
2026-02-20T02:33:46.653490,neutral
2026-02-20T02:33:48.716653,neutral
2026-02-20T02:33:50.719340,fear
2026-02-20T02:33:53.674104,neutral
2026-02-20T02:33:55.677205,anger
2026-02-20T02:33:57.692153,sad
2026-02-20T02:33:59.789477,surprise
2026-02-20T02:34:01.853267,surprise
2026-02-20T02:34:03.854432,happy
2026-02-20T02:34:05.917964,fear
2026-02-20T02:34:08.189182,neutral
2026-02-20T02:34:10.219407,neutral
2026-02-20T02:34:12.223383,happy
2026-02-20T03:08:27.441985,happy
2026-02-20T03:08:29.457274,happy
2026-02-20T03:08:31.577115,happy
2026-02-20T03:08:33.600072,sad
2026-02-20T03:08:35.626365,neutral
2026-02-20T03:08:37.631394,neutral
2026-02-20T03:08:39.659424,anger
2026-02-20T03:08:41.695322,happy
2026-02-20T03:08:43.709416,sad
2026-02-20T03:08:45.743453,happy
2026-02-20T03:08:47.776713,sad
2026-02-20T03:08:49.801520,neutral
2026-02-20T03:08:51.806930,surprise
2026-02-20T03:08:53.823770,surprise
2026-02-20T03:08:56.780972,happy
2026-02-20T03:08:58.784160,sad
2026-02-20T03:09:00.814754,sad
2026-02-20T03:09:02.817518,neutral
2026-02-20T03:09:04.831935,neutral
2026-02-20T03:09:06.864086,fear
2026-02-20T03:09:08.889372,neutral
2026-02-20T03:09:10.892775,neutral
2026-02-20T03:09:12.923922,neutral
2026-02-20T03:09:14.937628,neutral
2026-02-20T03:09:16.944504,sad
2026-02-20T03:18:36.586727,sad
2026-02-20T03:18:38.608701,happy
2026-02-20T03:18:40.640521,happy
2026-02-20T03:18:42.657760,surprise
2026-02-20T03:18:44.689973,sad
2026-02-20T03:18:46.717508,anger
2026-02-20T03:18:48.720806,happy
2026-02-20T03:18:50.755362,neutral
2026-02-20T03:18:53.567765,neutral
2026-02-20T03:18:55.599251,happy
2026-02-20T03:18:57.602362,sad
2026-02-20T03:18:59.634274,neutral
2026-02-20T03:19:17.282281,surprise
2026-02-20T03:19:19.313404,neutral
2026-02-20T03:19:21.314525,neutral
2026-02-20T03:19:23.346868,happy
2026-02-20T03:19:25.375305,fear
2026-02-20T03:19:27.391110,happy
2026-02-20T03:19:29.392832,happy
2026-02-20T03:19:31.395847,happy
2026-02-20T03:19:33.424879,happy
2026-02-20T03:19:35.441065,neutral
2026-02-20T03:19:37.442603,sad
2026-02-20T03:19:39.536578,sad
2026-02-20T03:19:41.541303,neutral
2026-02-20T03:19:43.573688,neutral
2026-02-20T03:19:45.586774,neutral
